{"stats":{"minecraft:broken":{"minecraft:iron_shovel":6,"minecraft:stone_pickaxe":2,"minecraft:diamond_shovel":1,"minecraft:diamond_pickaxe":3,"minecraft:iron_hoe":1,"minecraft:stone_sword":1,"minecraft:iron_axe":2,"minecraft:iron_pickaxe":3,"minecraft:golden_pickaxe":4},"minecraft:killed":{"minecraft:cave_spider":6,"minecraft:spider":32,"minecraft:skeleton":48,"minecraft:chicken":37,"irons_spellbooks:summoned_skeleton":2,"irons_spellbooks:spectral_steed":3,"epicsamurai:enenra":1,"minecraft:wolf":1,"minecraft:pig":1,"minecraft:iron_golem":1,"epicsamurai:jorogumo":1,"irons_spellbooks:necromancer":7,"minecraft:creeper":30,"minecraft:sheep":14,"minecraft:trader_llama":4,"minecraft:pillager":7,"minecraft:zombie":100,"minecraft:cow":21,"minecraft:vex":3,"irons_spellbooks:summoned_zombie":11,"minecraft:vindicator":3,"minecraft:drowned":1,"minecraft:warden":1,"minecraft:husk":6,"ars_nouveau:drygmy":1,"ars_nouveau:starbuncle":1,"epicsamurai:akaname":4,"irons_spellbooks:citadel_keeper":6,"minecraft:ravager":1,"ars_nouveau:whirlisprig":3,"minecraft:enderman":2},"minecraft:crafted":{"minecraft:smooth_stone":8,"minecraft:oak_planks":616,"minecraft:cobblestone_slab":6,"ars_nouveau:archwood_planks":8,"epicsamurai:green_samurai_chestplate":1,"irons_spellbooks:iron_spell_book":1,"minecraft:cooked_chicken":34,"minecraft:chain":3,"minecraft:stone":8,"minecraft:cobblestone_stairs":68,"minecraft:lever":3,"minecraft:diamond_shovel":3,"minecraft:cooked_mutton":13,"epicsamurai:red_samurai_chestplate":1,"epicsamurai:red_samurai_boots":1,"minecraft:glass":168,"epicsamurai:red_samurai_leggings":2,"minecraft:melon_seeds":3,"minecraft:chest":27,"minecraft:rail":320,"minecraft:stone_hoe":2,"minecraft:wooden_shovel":1,"epicsamurai:green_samurai_helmet":1,"minecraft:cooked_porkchop":2,"minecraft:diamond_axe":2,"minecraft:crafting_table":11,"minecraft:spruce_planks":3516,"travelersbackpack:standard":1,"minecraft:baked_potato":11,"minecraft:wooden_pickaxe":1,"minecraft:iron_helmet":1,"minecraft:golden_pickaxe":3,"epicsamurai:green_samurai_boots":1,"minecraft:fletching_table":6,"minecraft:birch_planks":512,"minecraft:iron_chestplate":1,"minecraft:paper":3,"minecraft:diamond_pickaxe":4,"minecraft:charcoal":12,"minecraft:shield":2,"minecraft:stick":348,"minecraft:iron_ingot":279,"minecraft:iron_pickaxe":5,"minecraft:iron_block":4,"minecraft:gold_ingot":71,"minecraft:redstone_torch":13,"minecraft:spruce_fence_gate":1,"minecraft:oak_door":3,"epicsamurai:katana":2,"minecraft:stone_shovel":1,"minecraft:iron_nugget":9,"minecraft:furnace":6,"minecraft:blast_furnace":2,"minecraft:bone_meal":414,"irons_spellbooks:graybeard_staff":1,"minecraft:spruce_fence":33,"minecraft:glass_pane":240,"minecraft:flint_and_steel":2,"minecraft:spruce_stairs":148,"travelersbackpack:white_sleeping_bag":1,"minecraft:iron_axe":2,"minecraft:iron_hoe":1,"minecraft:spruce_slab":36,"minecraft:stone_pickaxe":3,"minecraft:spruce_boat":1,"minecraft:dark_oak_planks":96,"minecraft:glistering_melon_slice":1,"minecraft:minecart":4,"minecraft:wheat":253,"minecraft:cooked_beef":22,"epicsamurai:katana_handle":2,"travelersbackpack:backpack_tank":2,"minecraft:powered_rail":36,"minecraft:bucket":2,"minecraft:air":0,"minecraft:bread":147,"minecraft:oak_boat":3,"minecraft:golden_apple":1,"minecraft:gold_nugget":18,"minecraft:iron_shovel":6,"minecraft:anvil":1,"minecraft:white_bed":2,"minecraft:acacia_planks":44,"epicsamurai:steel_ingot":20,"minecraft:torch":200,"epicsamurai:green_samurai_leggings":1,"epicsamurai:red_samurai_helmet":1},"minecraft:picked_up":{"minecraft:wooden_axe":10,"irons_spellbooks:scroll":7,"minecraft:iron_chestplate":2,"minecraft:wheat":220,"epicsamurai:steel_ingot":4,"minecraft:chainmail_boots":3,"minecraft:potion":6,"minecraft:nether_brick":23,"minecraft:brewing_stand":3,"minecraft:amethyst_block":4,"minecraft:string":74,"minecraft:soul_soil":4,"minecraft:raw_copper":15,"irons_spellbooks:graybeard_staff":1,"minecraft:sculk_shrieker":2,"irons_spellbooks:arcane_essence":16,"minecraft:gold_nugget":83,"minecraft:cobbled_deepslate":421,"minecraft:spruce_planks":669,"endrem:undead_eye":1,"minecraft:redstone_torch":2,"minecraft:written_book":2,"minecraft:iron_pickaxe":2,"minecraft:melon_slice":36,"irons_spellbooks:inscription_table":2,"minecraft:furnace":5,"minecraft:stick":184,"irons_spellbooks:shriving_stone":1,"minecraft:torch":171,"minecraft:acacia_log":11,"minecraft:spruce_stairs":13,"minecraft:porkchop":2,"minecraft:diorite":41,"minecraft:goat_horn":2,"minecraft:stone_sword":1,"minecraft:rotten_flesh":124,"ars_nouveau:dull_trinket":3,"epicsamurai:red_samurai_boots":2,"minecraft:obsidian":20,"ars_nouveau:drygmy_shard":2,"minecraft:cobblestone":6136,"minecraft:birch_log":128,"minecraft:pink_petals":191,"minecraft:feather":39,"minecraft:water_bucket":1,"minecraft:andesite":78,"epicsamurai:red_samurai_chestplate":1,"minecraft:potato":11,"minecraft:flint":24,"minecraft:tuff":6,"ars_elemental:yellow_archwood_sapling":3,"minecraft:wither_skeleton_skull":3,"minecraft:map":8,"minecraft:lapis_lazuli":300,"minecraft:dirt":3291,"minecraft:name_tag":3,"minecraft:leather_boots":2,"minecraft:bone":80,"minecraft:acacia_planks":1,"minecraft:bow":3,"minecraft:wheat_seeds":737,"ars_nouveau:source_gem":1,"minecraft:raw_gold":102,"minecraft:bell":4,"minecraft:netherite_axe":2,"minecraft:fletching_table":5,"minecraft:powered_rail":10,"minecraft:moss_block":6,"epicsamurai:raw_silver":18,"minecraft:oak_planks":269,"endrem:lost_eye":1,"minecraft:sand":184,"ars_elemental:yellow_archwood_log":23,"minecraft:grass_block":2,"minecraft:lily_of_the_valley":4,"minecraft:dark_oak_log":46,"minecraft:mossy_cobblestone":3,"minecraft:spruce_fence_gate":1,"minecraft:diamond":24,"minecraft:spruce_boat":14,"minecraft:netherite_helmet":1,"minecraft:lever":1,"minecraft:crossbow":1,"minecraft:granite":31,"minecraft:emerald":14,"minecraft:bread":58,"minecraft:rooted_dirt":17,"epicsamurai:ruby":39,"minecraft:oak_sapling":58,"minecraft:netherrack":115,"irons_spellbooks:uncommon_ink":2,"minecraft:dark_oak_fence":4,"minecraft:oak_leaves":44,"minecraft:crafting_table":6,"minecraft:chicken":38,"minecraft:chest_minecart":1,"minecraft:gold_block":1,"minecraft:orange_banner":2,"minecraft:flint_and_steel":1,"minecraft:shield":2,"ars_nouveau:archwood_planks":8,"minecraft:elytra":1,"minecraft:red_bed":1,"minecraft:moss_carpet":1,"minecraft:iron_axe":4,"minecraft:wooden_sword":2,"minecraft:netherite_scrap":4,"epicsamurai:jade":106,"minecraft:iron_shovel":5,"minecraft:candle":2,"minecraft:beef":50,"epicsamurai:akaname_tongue":15,"minecraft:oak_boat":2,"minecraft:iron_nugget":190,"minecraft:poppy":3,"minecraft:spruce_slab":18,"minecraft:minecart":29,"minecraft:lectern":2,"minecraft:sugar_cane":32,"minecraft:chest":9,"minecraft:birch_sapling":9,"minecraft:diamond_hoe":1,"minecraft:egg":28,"minecraft:dark_oak_sapling":11,"minecraft:raw_iron":275,"minecraft:sandstone":4,"minecraft:oak_door":3,"minecraft:copper_ingot":15,"minecraft:spruce_fence":31,"ars_nouveau:frostaya_pod":1,"minecraft:redstone":119,"ars_nouveau:wixie_shards":2,"minecraft:arrow":51,"minecraft:hay_block":40,"minecraft:glistering_melon_slice":2,"epicsamurai:red_samurai_leggings":1,"minecraft:gold_ingot":1,"minecraft:black_banner":2,"minecraft:mutton":13,"minecraft:bone_block":27,"minecraft:rail":230,"minecraft:white_wool":16,"minecraft:leather":20,"minecraft:red_mushroom":26,"minecraft:birch_planks":21,"minecraft:crimson_fungus":2,"minecraft:oak_log":339,"minecraft:yellow_bed":3,"minecraft:gunpowder":64,"minecraft:paper":18,"minecraft:white_banner":2,"irons_spellbooks:rare_ink":3,"minecraft:cooked_mutton":4,"irons_spellbooks:common_ink":2,"minecraft:apple":5,"minecraft:iron_ingot":56,"minecraft:cooked_chicken":27,"minecraft:glass_bottle":2,"epicsamurai:aquamarine":17,"irons_spellbooks:cinder_essence":9,"minecraft:soul_sand":14,"minecraft:book":14,"epicsamurai:onyx":24,"epicsamurai:katana":1,"minecraft:dark_oak_slab":2,"minecraft:sculk":1,"ars_nouveau:red_archwood_sapling":4,"minecraft:dandelion":4,"minecraft:gravel":144,"ars_nouveau:bastion_pod":1,"minecraft:amethyst_shard":36,"minecraft:blast_furnace":1,"minecraft:spruce_sapling":51,"minecraft:white_bed":14,"minecraft:spruce_log":886,"minecraft:green_carpet":4,"minecraft:spider_eye":10,"ars_nouveau:wilden_spike":4,"travelersbackpack:standard":9,"minecraft:sculk_sensor":1,"minecraft:stone_axe":2,"minecraft:iron_helmet":1,"minecraft:diamond_axe":2,"minecraft:gray_wool":7,"minecraft:damaged_anvil":1,"minecraft:melon_seeds":6,"minecraft:baked_potato":32,"minecraft:coal":241,"minecraft:ender_pearl":1},"minecraft:mined":{"minecraft:large_amethyst_bud":3,"minecraft:spruce_planks":600,"minecraft:white_bed":13,"minecraft:farmland":1,"irons_spellbooks:armor_pile":12,"minecraft:sculk_vein":3,"minecraft:brewing_stand":1,"minecraft:obsidian":20,"minecraft:granite":35,"minecraft:acacia_log":11,"minecraft:grass_block":618,"epicsamurai:silver_ore":2,"minecraft:soul_soil":4,"ars_nouveau:sourceberry_bush":1,"minecraft:spawner":6,"minecraft:tall_seagrass":1,"epicsamurai:deepslate_jade_ore":47,"minecraft:sculk_catalyst":1,"minecraft:iron_ore":183,"minecraft:fire":4,"minecraft:cobbled_deepslate":2,"minecraft:deepslate_lapis_ore":18,"minecraft:fletching_table":5,"minecraft:sculk_shrieker":4,"minecraft:dirt_path":40,"minecraft:small_amethyst_bud":1,"epicsamurai:deepslate_silver_ore":7,"minecraft:green_carpet":2,"minecraft:azalea":2,"minecraft:spruce_slab":13,"minecraft:deepslate_redstone_ore":23,"minecraft:red_bed":1,"minecraft:medium_amethyst_bud":2,"minecraft:amethyst_cluster":6,"minecraft:clay":9,"minecraft:torch":44,"minecraft:blast_furnace":1,"minecraft:poppy":1,"minecraft:calcite":1,"minecraft:chest":9,"minecraft:cobblestone":335,"minecraft:oak_planks":102,"minecraft:sugar_cane":8,"minecraft:damaged_anvil":1,"ars_nouveau:red_archwood_leaves":3,"minecraft:wall_torch":19,"minecraft:amethyst_block":5,"minecraft:pink_petals":35,"minecraft:seagrass":1,"minecraft:powered_rail":10,"minecraft:dark_oak_slab":1,"minecraft:birch_log":128,"ars_nouveau:archwood_planks":7,"minecraft:wheat":205,"epicsamurai:aquamarine_ore":5,"minecraft:grass":342,"minecraft:oak_log":327,"minecraft:dark_oak_sapling":3,"minecraft:sand":184,"minecraft:dirt":1853,"minecraft:wither_skeleton_skull":3,"minecraft:netherrack":148,"minecraft:oak_leaves":476,"minecraft:deepslate":439,"minecraft:tuff":22,"ars_elemental:yellow_archwood_leaves":24,"minecraft:mossy_cobblestone":3,"epicsamurai:deepslate_onyx_ore":2,"minecraft:dark_oak_leaves":46,"minecraft:deepslate_diamond_ore":22,"minecraft:candle":1,"minecraft:oak_door":2,"minecraft:dark_oak_log":37,"minecraft:orange_banner":2,"minecraft:lever":1,"minecraft:dark_oak_fence":3,"epicsamurai:deepslate_ruby_ore":24,"minecraft:black_banner":1,"minecraft:spruce_fence":38,"minecraft:spruce_leaves":236,"minecraft:rooted_dirt":20,"minecraft:moss_block":13,"minecraft:sandstone":4,"minecraft:hay_block":25,"epicsamurai:onyx_ore":7,"minecraft:redstone_ore":4,"minecraft:spruce_sapling":1,"minecraft:furnace":5,"minecraft:andesite":64,"minecraft:gold_block":1,"minecraft:bell":4,"minecraft:deepslate_iron_ore":84,"minecraft:rail":227,"irons_spellbooks:inscription_table":2,"minecraft:stone":5241,"minecraft:bone_block":29,"minecraft:white_wool":2,"minecraft:podzol":215,"minecraft:acacia_leaves":1,"epicsamurai:jade_ore":27,"minecraft:glass_pane":1,"minecraft:soul_sand":11,"minecraft:lily_of_the_valley":4,"minecraft:dandelion":2,"travelersbackpack:standard":8,"epicsamurai:deepslate_aquamarine_ore":7,"minecraft:crafting_table":6,"minecraft:sculk_sensor":1,"minecraft:lectern":2,"minecraft:copper_ore":4,"minecraft:tall_grass":38,"minecraft:deepslate_coal_ore":1,"minecraft:deepslate_gold_ore":45,"minecraft:diorite":35,"minecraft:sculk":10,"minecraft:spruce_stairs":9,"minecraft:gray_wool":5,"minecraft:birch_planks":11,"minecraft:redstone_torch":2,"minecraft:spruce_log":847,"minecraft:birch_leaves":9,"minecraft:yellow_bed":3,"minecraft:coal_ore":159,"minecraft:cherry_leaves":3,"minecraft:gravel":136,"minecraft:cobweb":38,"minecraft:acacia_planks":1,"minecraft:spruce_fence_gate":1,"minecraft:gold_ore":1,"minecraft:fern":2,"epicsamurai:ruby_ore":4},"minecraft:custom":{"minecraft:animals_bred":52,"minecraft:interact_with_crafting_table":183,"minecraft:open_barrel":10,"minecraft:bell_ring":40,"minecraft:leave_game":38,"minecraft:time_since_death":10547,"minecraft:sprint_one_cm":2924107,"minecraft:damage_blocked_by_shield":2952,"minecraft:drop":236,"minecraft:talked_to_villager":11,"minecraft:play_time":1604045,"minecraft:deaths":66,"minecraft:jump":32595,"minecraft:interact_with_brewingstand":1,"minecraft:walk_on_water_one_cm":95202,"minecraft:interact_with_furnace":219,"minecraft:sleep_in_bed":32,"minecraft:damage_dealt":77926,"minecraft:crouch_one_cm":522286,"minecraft:interact_with_anvil":22,"minecraft:mob_kills":363,"minecraft:climb_one_cm":3505,"minecraft:walk_one_cm":3257591,"minecraft:raid_win":1,"minecraft:sneak_time":144355,"minecraft:walk_under_water_one_cm":61897,"minecraft:boat_one_cm":219576,"minecraft:interact_with_lectern":1,"minecraft:interact_with_blast_furnace":76,"minecraft:total_world_time":1604045,"minecraft:raid_trigger":1,"minecraft:time_since_rest":10572,"minecraft:damage_taken":27221,"minecraft:damage_absorbed":80,"minecraft:minecart_one_cm":303378,"minecraft:swim_one_cm":85111,"minecraft:fly_one_cm":6394775,"minecraft:open_chest":533,"minecraft:fall_one_cm":908768},"minecraft:used":{"minecraft:moss_block":3,"minecraft:moss_carpet":1,"minecraft:iron_shovel":1162,"minecraft:spruce_slab":46,"minecraft:diamond_hoe":18,"minecraft:poppy":1,"minecraft:shield":52,"minecraft:chest":34,"minecraft:rotten_flesh":29,"minecraft:bell":3,"minecraft:soul_sand":4,"minecraft:lily_of_the_valley":4,"minecraft:obsidian":20,"minecraft:spruce_boat":14,"minecraft:grass_block":1,"minecraft:dark_oak_slab":1,"minecraft:written_book":1,"minecraft:oak_sapling":16,"ars_nouveau:sourceberry_bush":3,"minecraft:furnace":9,"minecraft:egg":21,"minecraft:dark_oak_sapling":5,"minecraft:damaged_anvil":1,"minecraft:oak_planks":369,"minecraft:stone_pickaxe":366,"minecraft:powered_rail":46,"minecraft:sugar_cane":2,"minecraft:diamond_axe":1852,"minecraft:wooden_pickaxe":10,"minecraft:sandstone":4,"minecraft:golden_apple":2,"minecraft:oak_leaves":44,"minecraft:white_wool":2,"minecraft:sand":10,"minecraft:blast_furnace":3,"minecraft:black_banner":2,"minecraft:redstone_torch":15,"minecraft:lever":4,"minecraft:melon_slice":28,"minecraft:bread":210,"minecraft:gravel":101,"minecraft:wooden_sword":5,"minecraft:andesite":42,"minecraft:oak_boat":3,"minecraft:bone_meal":305,"minecraft:golden_pickaxe":128,"minecraft:experience_bottle":28,"epicsamurai:red_samurai_helmet":3,"minecraft:stone_sword":114,"minecraft:flint_and_steel":1,"minecraft:stone_shovel":60,"minecraft:spruce_planks":3120,"minecraft:oak_door":4,"minecraft:torch":382,"minecraft:stone_hoe":156,"minecraft:cooked_chicken":7,"minecraft:netherrack":109,"minecraft:dirt":2021,"minecraft:anvil":1,"minecraft:spruce_stairs":138,"minecraft:granite":31,"minecraft:spruce_fence":58,"minecraft:iron_hoe":250,"minecraft:wooden_axe":1,"minecraft:iron_axe":708,"minecraft:rooted_dirt":17,"minecraft:beef":21,"minecraft:soul_soil":25,"minecraft:goat_horn":1,"minecraft:minecart":33,"minecraft:cooked_beef":12,"minecraft:cobbled_deepslate":176,"minecraft:wheat_seeds":294,"minecraft:cooked_mutton":7,"minecraft:water_bucket":68,"minecraft:birch_planks":417,"minecraft:baked_potato":41,"minecraft:fletching_table":10,"minecraft:cobblestone_slab":6,"minecraft:spruce_fence_gate":2,"minecraft:rail":565,"minecraft:crafting_table":16,"minecraft:red_bed":1,"minecraft:white_bed":14,"minecraft:spruce_log":7,"minecraft:oak_log":41,"minecraft:diamond_pickaxe":6124,"minecraft:apple":4,"minecraft:diamond_shovel":1734,"minecraft:iron_pickaxe":823,"minecraft:spruce_sapling":45,"minecraft:pink_petals":15,"epicsamurai:katana":1045,"travelersbackpack:standard":41,"minecraft:cobblestone":1791,"minecraft:orange_banner":2,"minecraft:porkchop":8,"minecraft:cooked_porkchop":2,"minecraft:bucket":82,"minecraft:glass_pane":218,"minecraft:yellow_bed":3,"minecraft:gray_wool":4,"irons_spellbooks:inscription_table":3},"minecraft:killed_by":{"minecraft:creeper":3,"minecraft:ravager":7,"minecraft:vindicator":1,"irons_spellbooks:citadel_keeper":1,"minecraft:cave_spider":1,"minecraft:zombie":5,"minecraft:husk":1,"minecraft:player":2,"irons_spellbooks:summoned_skeleton":1,"minecraft:spider":1,"minecraft:warden":3,"irons_spellbooks:necromancer":2,"minecraft:skeleton":4,"irons_spellbooks:archevoker":1},"minecraft:dropped":{"minecraft:candle":2,"minecraft:moss_block":3,"minecraft:birch_planks":10,"minecraft:diamond_axe":2,"minecraft:lapis_lazuli":4,"minecraft:cooked_beef":3,"minecraft:baked_potato":2,"minecraft:dark_oak_sapling":2,"minecraft:dark_oak_slab":1,"travelersbackpack:standard":1,"minecraft:elytra":1,"minecraft:flint":6,"minecraft:dirt":17,"minecraft:dark_oak_fence":4,"epicsamurai:red_samurai_leggings":1,"epicsamurai:jade":27,"minecraft:gold_nugget":1,"minecraft:iron_pickaxe":1,"minecraft:white_wool":2,"minecraft:bone":27,"minecraft:oak_door":1,"minecraft:gravel":20,"minecraft:stone_axe":3,"minecraft:iron_nugget":2,"epicsamurai:green_samurai_chestplate":1,"minecraft:cobbled_deepslate":164,"minecraft:obsidian":1,"epicsamurai:katana":2,"minecraft:rotten_flesh":42,"minecraft:oak_planks":283,"minecraft:diamond_shovel":1,"minecraft:cooked_mutton":6,"minecraft:white_bed":1,"epicsamurai:green_samurai_leggings":1,"minecraft:poppy":1,"minecraft:gunpowder":4,"ars_nouveau:drygmy_shard":1,"minecraft:spruce_slab":8,"minecraft:beef":3,"minecraft:egg":5,"ars_nouveau:dull_trinket":1,"minecraft:iron_ingot":14,"minecraft:bread":43,"minecraft:wheat_seeds":41,"epicsamurai:green_samurai_helmet":1,"minecraft:netherite_helmet":1,"minecraft:netherite_axe":2,"minecraft:iron_helmet":1,"minecraft:feather":2,"minecraft:cobblestone":40,"minecraft:book":12,"minecraft:coal":6,"minecraft:stick":67,"irons_spellbooks:scroll":2,"ars_nouveau:worn_notebook":2,"minecraft:gray_wool":2,"minecraft:diorite":16,"minecraft:torch":12,"minecraft:wooden_axe":1,"minecraft:melon_slice":4,"minecraft:green_carpet":2,"minecraft:iron_axe":3,"minecraft:smooth_stone":2,"minecraft:orange_bed":1,"minecraft:iron_shovel":4,"minecraft:paper":15,"minecraft:string":7,"minecraft:acacia_planks":4,"minecraft:dandelion":3,"epicsamurai:green_samurai_boots":1,"minecraft:diamond_hoe":1,"ars_nouveau:archwood_planks":8,"epicsamurai:red_samurai_boots":1,"irons_spellbooks:graybeard_staff":1,"minecraft:spruce_fence":5,"minecraft:flint_and_steel":1,"minecraft:hay_block":15,"minecraft:shield":2,"minecraft:spruce_planks":690,"minecraft:iron_chestplate":4,"minecraft:andesite":30,"epicsamurai:ruby":8,"minecraft:oak_boat":1,"minecraft:spider_eye":3,"minecraft:stone_bricks":2,"minecraft:bow":2,"minecraft:stone_pickaxe":1,"minecraft:wooden_pickaxe":1}},"DataVersion":3465}