{"stats":{"minecraft:crafted":{"minecraft:oak_planks":76,"ars_nouveau:archwood_planks":4,"minecraft:iron_nugget":54,"epicsamurai:green_samurai_chestplate":1,"minecraft:cooked_chicken":2,"minecraft:furnace":1,"minecraft:iron_axe":1,"minecraft:stone_pickaxe":1,"minecraft:chest":4,"ars_nouveau:dull_trinket":2,"epicsamurai:green_samurai_helmet":1,"minecraft:crafting_table":3,"minecraft:wooden_pickaxe":1,"minecraft:iron_sword":1,"epicsamurai:green_samurai_boots":1,"minecraft:stone_axe":1,"minecraft:air":0,"minecraft:diamond_pickaxe":1,"minecraft:shield":1,"minecraft:stick":38,"minecraft:iron_ingot":7,"minecraft:iron_pickaxe":1,"minecraft:iron_shovel":2,"minecraft:gold_ingot":11,"minecraft:acacia_planks":28,"epicsamurai:steel_ingot":11,"minecraft:torch":8,"irons_spellbooks:magic_cloth":1,"epicsamurai:green_samurai_leggings":1},"minecraft:mined":{"minecraft:tuff":54,"minecraft:candle":1,"travelersbackpack:blue_sleeping_bag":1,"minecraft:acacia_log":7,"minecraft:grass_block":504,"minecraft:oxeye_daisy":1,"epicsamurai:deepslate_jade_ore":4,"minecraft:carrots":2,"minecraft:barrel":1,"minecraft:azure_bluet":1,"ars_nouveau:red_archwood_log":1,"minecraft:potatoes":21,"minecraft:deepslate_iron_ore":1,"minecraft:dirt_path":2,"travelersbackpack:black_sleeping_bag":6,"minecraft:stone":18,"minecraft:orange_bed":1,"minecraft:acacia_leaves":2,"minecraft:glass_pane":1,"minecraft:red_bed":2,"minecraft:dandelion":25,"travelersbackpack:standard":1,"minecraft:crafting_table":3,"minecraft:cornflower":4,"minecraft:torch":1,"minecraft:emerald_ore":2,"minecraft:poppy":5,"ars_elemental:flashpine_pod":2,"minecraft:chest":1,"minecraft:tall_grass":54,"minecraft:cobblestone":10,"ars_elemental:yellow_archwood_log":1,"minecraft:wheat":1,"minecraft:yellow_bed":2,"minecraft:grass":428,"minecraft:oak_log":19,"minecraft:coal_ore":7,"minecraft:beetroots":1,"minecraft:sunflower":3,"minecraft:dirt":42,"minecraft:stone_bricks":2,"minecraft:oak_leaves":4,"minecraft:deepslate":111},"minecraft:killed_by":{"minecraft:player":3,"minecraft:skeleton":2,"irons_spellbooks:archevoker":1,"minecraft:vex":2},"minecraft:custom":{"minecraft:interact_with_anvil":2,"minecraft:mob_kills":51,"minecraft:interact_with_crafting_table":43,"minecraft:open_barrel":10,"minecraft:leave_game":6,"minecraft:time_since_death":216,"minecraft:climb_one_cm":1946,"minecraft:sprint_one_cm":531496,"minecraft:walk_one_cm":274591,"minecraft:damage_blocked_by_shield":105,"minecraft:drop":36,"minecraft:play_time":223468,"minecraft:sneak_time":4634,"minecraft:deaths":10,"minecraft:walk_under_water_one_cm":4446,"minecraft:interact_with_lectern":1,"minecraft:boat_one_cm":95905,"minecraft:jump":4561,"minecraft:interact_with_blast_furnace":7,"minecraft:walk_on_water_one_cm":25470,"minecraft:total_world_time":223468,"minecraft:interact_with_furnace":8,"minecraft:raid_trigger":1,"minecraft:sleep_in_bed":13,"minecraft:time_since_rest":301,"minecraft:damage_taken":5115,"minecraft:minecart_one_cm":77937,"minecraft:damage_dealt":10009,"minecraft:swim_one_cm":39794,"minecraft:fly_one_cm":932143,"minecraft:open_chest":104,"minecraft:crouch_one_cm":13131,"minecraft:fall_one_cm":115800},"minecraft:dropped":{"ars_nouveau:dull_trinket":3,"minecraft:wheat_seeds":1,"minecraft:lapis_lazuli":33,"minecraft:diamond":38,"minecraft:feather":23,"minecraft:leather":8,"travelersbackpack:blue_sleeping_bag":1,"minecraft:iron_horse_armor":1,"minecraft:red_mushroom":26,"irons_spellbooks:scroll":1,"irons_spellbooks:hogskin":2,"minecraft:crimson_roots":18,"irons_spellbooks:cinder_essence":5,"irons_spellbooks:arcane_essence":2,"minecraft:gold_nugget":36,"minecraft:amethyst_shard":12,"minecraft:paper":1,"minecraft:redstone":64,"minecraft:bone":7,"minecraft:gold_ingot":52,"minecraft:crimson_fungus":2,"minecraft:sugar_cane":19,"minecraft:wheat":34,"minecraft:chicken":1,"minecraft:carrot":1,"minecraft:beetroot_seeds":1,"minecraft:bamboo":192,"minecraft:slime_ball":6,"minecraft:arrow":23,"minecraft:quartz":13},"minecraft:broken":{"minecraft:iron_shovel":2},"minecraft:picked_up":{"irons_spellbooks:scroll":3,"ars_nouveau:red_archwood_log":1,"minecraft:crafting_table":3,"minecraft:wheat":17,"minecraft:azure_bluet":1,"minecraft:chicken":3,"epicsamurai:iron_samurai_leggings":1,"irons_spellbooks:holy_rune":2,"minecraft:cornflower":3,"minecraft:string":1,"minecraft:red_bed":2,"epicsamurai:iron_samurai_chestplate":1,"minecraft:iron_leggings":1,"epicsamurai:jade":4,"irons_spellbooks:arcane_essence":13,"minecraft:candle":2,"minecraft:cobbled_deepslate":111,"minecraft:beef":16,"minecraft:poppy":5,"travelersbackpack:black_sleeping_bag":6,"minecraft:minecart":3,"ars_elemental:flashpine_pod":6,"minecraft:chest":1,"minecraft:iron_boots":1,"minecraft:stick":2,"minecraft:raw_iron":1,"minecraft:torch":8,"minecraft:acacia_log":7,"minecraft:porkchop":1,"minecraft:carrot":2,"minecraft:orange_bed":2,"minecraft:arrow":3,"minecraft:rotten_flesh":4,"minecraft:beetroot_seeds":1,"ars_nouveau:worn_notebook":1,"ars_nouveau:dull_trinket":2,"minecraft:saddle":1,"minecraft:mutton":14,"minecraft:rail":1,"minecraft:white_wool":8,"minecraft:cobblestone":43,"minecraft:oxeye_daisy":1,"minecraft:feather":3,"minecraft:cooked_beef":9,"minecraft:leather":23,"minecraft:potato":23,"minecraft:tuff":54,"minecraft:oak_log":19,"minecraft:yellow_bed":2,"minecraft:dirt":567,"minecraft:paper":1,"minecraft:white_banner":3,"irons_spellbooks:rare_ink":1,"minecraft:cooked_mutton":2,"minecraft:bone":2,"minecraft:apple":2,"minecraft:stone_bricks":4,"minecraft:wheat_seeds":70,"minecraft:stone_pickaxe":1,"minecraft:iron_ingot":13,"minecraft:bamboo":128,"minecraft:oak_planks":12,"epicsamurai:katana":1,"irons_spellbooks:legendary_ink":1,"minecraft:dandelion":25,"travelersbackpack:blue_sleeping_bag":1,"minecraft:spider_eye":1,"epicsamurai:straw_hat":1,"epicsamurai:iron_samurai_boots":1,"travelersbackpack:standard":1,"epicsamurai:iron_samurai_helmet":1,"minecraft:stone_axe":1,"minecraft:iron_helmet":1,"minecraft:emerald":2,"minecraft:bread":52,"minecraft:baked_potato":36,"epicsamurai:ruby":1,"minecraft:black_wool":1,"minecraft:coal":12,"minecraft:crimson_roots":18,"minecraft:sunflower":3},"minecraft:used":{"minecraft:iron_shovel":500,"minecraft:chest":5,"minecraft:shield":3,"minecraft:iron_sword":84,"travelersbackpack:black_sleeping_bag":5,"minecraft:cooked_chicken":2,"minecraft:torch":1,"minecraft:dirt":935,"minecraft:crimson_planks":53,"minecraft:goat_horn":5,"minecraft:furnace":1,"minecraft:minecart":2,"minecraft:cooked_beef":6,"minecraft:acacia_planks":28,"minecraft:cooked_mutton":2,"minecraft:water_bucket":13,"minecraft:stone_pickaxe":9,"minecraft:baked_potato":24,"minecraft:oak_planks":1,"minecraft:wooden_pickaxe":27,"minecraft:glow_berries":7,"minecraft:crafting_table":4,"minecraft:red_bed":2,"ars_nouveau:archwood_planks":4,"minecraft:crossbow":1,"minecraft:diamond_pickaxe":170,"minecraft:apple":2,"ars_elemental:flashpine_pod":3,"minecraft:bread":5,"minecraft:iron_pickaxe":49,"minecraft:stone_axe":14,"epicsamurai:katana":109,"minecraft:cobblestone":36,"minecraft:white_banner":1,"minecraft:bucket":13,"minecraft:yellow_bed":2},"minecraft:killed":{"minecraft:cave_spider":1,"irons_spellbooks:summoned_zombie":5,"irons_spellbooks:priest":2,"minecraft:spider":1,"minecraft:vindicator":1,"minecraft:skeleton":4,"minecraft:horse":1,"minecraft:chicken":4,"minecraft:pig":1,"ars_nouveau:starbuncle":1,"irons_spellbooks:necromancer":2,"minecraft:ravager":1,"minecraft:sheep":9,"minecraft:pillager":4,"minecraft:zombie":2,"minecraft:cow":11}},"DataVersion":3465}