{"stats":{"minecraft:crafted":{"minecraft:cooked_beef":11,"minecraft:oak_planks":16,"minecraft:crafting_table":1,"minecraft:iron_sword":1,"epicsamurai:iron_samurai_chestplate":1,"minecraft:furnace":1,"epicsamurai:iron_samurai_leggings":1,"minecraft:air":0,"epicsamurai:iron_samurai_helmet":1,"minecraft:iron_axe":1,"minecraft:iron_ingot":39,"minecraft:iron_pickaxe":1,"epicsamurai:steel_ingot":12,"minecraft:torch":36,"epicsamurai:iron_samurai_boots":1},"minecraft:mined":{"minecraft:crafting_table":1,"minecraft:emerald_ore":1,"minecraft:grass_block":2,"minecraft:wall_torch":1,"minecraft:iron_ore":6,"minecraft:grass":2,"minecraft:coal_ore":21,"minecraft:oak_log":5,"minecraft:sunflower":1,"minecraft:gravel":10,"minecraft:dirt":1,"minecraft:stone":8,"minecraft:oak_leaves":3},"minecraft:killed_by":{"minecraft:player":2},"minecraft:custom":{"minecraft:interact_with_furnace":8,"minecraft:mob_kills":27,"minecraft:interact_with_crafting_table":10,"minecraft:time_since_death":36995,"minecraft:sleep_in_bed":5,"minecraft:time_since_rest":10295,"minecraft:sprint_one_cm":70270,"minecraft:damage_taken":1309,"minecraft:walk_one_cm":70444,"minecraft:damage_blocked_by_shield":280,"minecraft:drop":2,"minecraft:damage_dealt":3845,"minecraft:swim_one_cm":6710,"minecraft:fly_one_cm":79022,"minecraft:open_chest":45,"minecraft:crouch_one_cm":4482,"minecraft:play_time":41116,"minecraft:deaths":2,"minecraft:sneak_time":1850,"minecraft:walk_under_water_one_cm":1462,"minecraft:jump":559,"minecraft:interact_with_blast_furnace":20,"minecraft:walk_on_water_one_cm":1526,"minecraft:total_world_time":41116,"minecraft:fall_one_cm":13172},"minecraft:dropped":{"minecraft:wheat_seeds":1,"minecraft:salmon":1},"minecraft:broken":{"minecraft:shield":1},"minecraft:picked_up":{"minecraft:crafting_table":1,"minecraft:salmon":1,"minecraft:leather":10,"minecraft:flint":1,"minecraft:oak_log":5,"minecraft:gunpowder":2,"minecraft:dirt":7,"minecraft:bone":3,"minecraft:wheat_seeds":1,"minecraft:beef":11,"minecraft:raw_iron":6,"minecraft:stick":2,"minecraft:cooked_porkchop":5,"minecraft:torch":2,"minecraft:gravel":11,"minecraft:porkchop":15,"minecraft:arrow":1,"minecraft:rotten_flesh":4,"minecraft:emerald":1,"minecraft:oak_sapling":1,"minecraft:mutton":6,"minecraft:coal":21,"minecraft:white_wool":3,"minecraft:cobblestone":15},"minecraft:used":{"epicsamurai:iron_samurai_helmet":1,"minecraft:shield":8,"minecraft:iron_sword":58,"minecraft:white_wool":1,"minecraft:torch":26,"minecraft:dirt":3,"minecraft:crafting_table":2,"epicsamurai:iron_samurai_leggings":1,"minecraft:oak_log":1,"minecraft:iron_axe":26,"minecraft:iron_pickaxe":39,"minecraft:cobblestone":3,"epicsamurai:iron_samurai_chestplate":1,"epicsamurai:iron_samurai_boots":1,"minecraft:furnace":1,"minecraft:oak_sapling":1,"minecraft:cooked_porkchop":5,"minecraft:cooked_beef":2,"minecraft:cobbled_deepslate":18},"minecraft:killed":{"epicsamurai:enenra":1,"minecraft:pig":7,"minecraft:salmon":1,"minecraft:spider":1,"minecraft:sheep":3,"minecraft:skeleton":3,"minecraft:zombie":4,"minecraft:cow":6}},"DataVersion":3465}